shop_id,name,has_available_products,available_products_count,is_open,rate,rate_count,rate_tags,preparation_time,cart_close_limit,service_radius,service_radius_critical,latitude,longitude
1,جت‌ مارت | میرداماد,1,1283,1,4.4924107142854,8960,"{""1"":6781,""4"":5247,""2"":4702,""3"":4546,""11"":2735,""6"":962,""7"":327,""8"":205,""14"":185,""12"":170,""13"":129,""9"":60,""5"":32,""10"":2}",35,400000,3,1,35.76115,51.42338
6,یاران دریان دادمان,1,1597,1,3.2707808564237,794,"{""1"":327,""4"":282,""6"":281,""3"":206,""2"":170,""11"":135,""14"":128,""7"":55,""12"":53,""8"":47,""9"":43,""13"":31,""5"":2}",35,350000,3,2,35.76455,51.35117
8,یاران دریان لوکس | نیاوران,1,3181,1,4.1742654508608,987,"{""1"":733,""4"":463,""3"":324,""11"":232,""2"":231,""14"":133,""6"":61,""7"":41,""9"":33,""12"":24,""8"":21,""13"":11,""5"":1,""10"":1}",35,350000,3,1,35.81390,51.46145
10,جت‌ مارت | تهران‌پارس,1,1042,1,4.4731600438202,10041,"{""1"":7663,""4"":6192,""3"":5441,""2"":5125,""11"":3302,""6"":1201,""7"":268,""13"":237,""14"":226,""8"":197,""12"":168,""9"":128,""5"":31}",35,350000,4,2,35.74524,51.52673
11,جت مارت | کاشانی,1,1194,1,4.4750876620727,12263,"{""1"":9133,""4"":7814,""3"":6063,""2"":5620,""11"":3841,""6"":1323,""7"":495,""8"":310,""12"":289,""14"":282,""13"":161,""9"":98,""5"":17,""10"":2}",35,350000,3,1,35.73002,51.31180
12,یاران دریان ناهید,1,3552,1,3.9453345900092,2122,"{""1"":1407,""4"":1059,""3"":854,""2"":692,""11"":674,""6"":302,""14"":269,""9"":92,""7"":79,""8"":67,""12"":51,""13"":44,""5"":10,""10"":1}",35,350000,3,1,35.77795,51.42197
14,جت مارت | چیتگر,1,1174,1,4.717347283159,5926,"{""1"":5116,""4"":4534,""2"":3771,""3"":3629,""11"":2288,""6"":310,""7"":100,""14"":58,""12"":52,""8"":45,""9"":34,""13"":32,""5"":3,""10"":1}",35,350000,4,2,35.75491,51.23590
15,جت‌ مارت | سعادت‌آباد,1,1329,1,4.2153084859973,9498,"{""1"":5943,""4"":5387,""3"":4465,""2"":4431,""11"":2854,""6"":1979,""7"":443,""8"":287,""12"":279,""13"":246,""14"":210,""9"":90,""5"":19}",35,400000,4,2,35.77014,51.36502
16,جت‌ مارت | شادآباد,1,1195,1,4.7117160913945,8228,"{""1"":7053,""4"":6491,""2"":5382,""3"":5082,""11"":3035,""6"":376,""7"":116,""12"":73,""8"":62,""14"":56,""13"":51,""9"":38,""5"":21}",35,400000,4,3,35.66740,51.29488
17,یاران دریان سون استار | بهنام,1,556,1,3.681265206813,411,"{""1"":230,""4"":191,""3"":125,""2"":84,""6"":83,""11"":65,""14"":57,""7"":15,""12"":10,""9"":10,""8"":9,""13"":7,""5"":5,""10"":1}",35,350000,3,2,35.73049,51.32076
18,یاران دریان شادی | فرمانیه,1,3860,1,4.2121093750004,2560,"{""1"":1867,""4"":1209,""3"":996,""11"":711,""2"":694,""14"":245,""6"":225,""7"":100,""9"":81,""8"":79,""12"":76,""13"":47,""5"":3,""10"":1}",35,400000,3,1,35.79420,51.47324
19,یاران دریان قلم | عسگریان,1,2064,1,3.5554245283012,848,"{""1"":502,""4"":357,""14"":235,""3"":230,""2"":193,""11"":154,""6"":77,""9"":68,""7"":30,""12"":26,""8"":23,""13"":14,""5"":1}",35,350000,3,2,35.80333,51.46724
20,یاران دریان صابری | شهرآرا,1,2302,1,4.1252841626676,3959,"{""1"":2509,""4"":2101,""3"":1441,""2"":1182,""11"":1058,""6"":676,""14"":256,""7"":142,""12"":137,""8"":117,""13"":115,""9"":106,""10"":5,""5"":3}",35,350000,3,1,35.71509,51.37154
21,یاران دریان نشاط | دولت,1,3026,1,4.2392013039935,2454,"{""1"":1783,""4"":1273,""3"":981,""11"":796,""2"":791,""6"":240,""14"":207,""7"":83,""8"":77,""13"":71,""9"":71,""12"":54,""10"":2}",35,400000,3,1,35.78019,51.44754
24,یاران دریان خلیج فارس | میرکمالی,1,1384,1,3.8995433789955,657,"{""1"":373,""4"":371,""3"":225,""2"":204,""11"":147,""6"":141,""14"":52,""8"":38,""7"":31,""13"":26,""12"":23,""9"":19,""5"":2}",35,350000,3,2,35.74625,51.19822
27,یاران دریان قائم نظرلو,1,2142,1,4.3040647198103,5068,"{""1"":3408,""4"":3193,""3"":2435,""2"":2134,""11"":1931,""6"":763,""14"":275,""9"":149,""7"":144,""8"":112,""12"":102,""13"":86,""5"":12}",35,350000,3,1,35.70218,51.48703
31,یاران دریان خیابان کرمان,1,2211,1,3.6137931034481,2175,"{""1"":1117,""4"":1011,""3"":781,""2"":670,""11"":618,""6"":597,""14"":296,""7"":134,""8"":119,""9"":115,""12"":97,""13"":76}",35,350000,3,1,35.73143,51.47662
32,یاران دریان سپید دریانی | نفت جنوبی,1,1125,1,3.7725631768951,1385,"{""1"":850,""4"":705,""3"":454,""2"":411,""11"":330,""14"":302,""6"":193,""9"":103,""7"":73,""8"":66,""12"":50,""13"":30,""5"":1,""10"":1}",35,350000,3,3,35.68981,51.25813
33,یاران دریان مهدی | خزانه,1,1366,1,4.486134313399,2993,"{""1"":2374,""4"":2105,""3"":1406,""2"":1256,""11"":852,""6"":226,""14"":141,""9"":85,""8"":80,""7"":61,""12"":57,""13"":41}",35,350000,3,1,35.63963,51.42102
34,یاران دریان نادر | زرتشت,1,1266,1,4.352788586251,1542,"{""1"":1178,""4"":763,""3"":603,""2"":581,""11"":400,""6"":145,""14"":81,""8"":38,""12"":30,""13"":29,""7"":26,""9"":24,""5"":2}",35,350000,3,1,35.71589,51.40192
35,یاران دریان حریری | مولوی,1,543,1,4.6139555958316,4414,"{""1"":3577,""4"":3124,""3"":2401,""2"":2192,""11"":1564,""6"":316,""14"":151,""8"":88,""7"":68,""12"":65,""9"":58,""13"":35,""5"":5}",35,350000,3,1,35.66756,51.40447
42,جت‌ مارت | ولیعصر,1,1098,1,4.5283448624936,11854,"{""1"":9091,""4"":6962,""3"":5936,""2"":5675,""11"":3750,""6"":1221,""7"":394,""13"":266,""8"":262,""12"":219,""14"":193,""9"":76,""5"":7,""10"":2}",35,350000,4,2,35.71208,51.40337
46,یاران دریان برج فراز | بوعلی,1,1848,1,3.2525458248475,491,"{""1"":204,""6"":186,""4"":170,""3"":131,""2"":115,""11"":79,""14"":51,""7"":32,""12"":31,""8"":23,""13"":23,""9"":19,""5"":1}",35,350000,3,2,35.79119,51.37232
48,یاران دریان گل افشان | آسمان,1,1988,1,3.4873949579831,952,"{""1"":421,""4"":394,""6"":299,""3"":273,""2"":229,""11"":187,""14"":140,""8"":55,""9"":43,""12"":39,""7"":31,""13"":22,""5"":2}",35,400000,3,2,35.78513,51.35915
49,جت‌ مارت | سبلان,1,1063,1,4.2938385627534,15808,"{""1"":10024,""4"":9705,""3"":7873,""2"":7747,""11"":5138,""6"":3119,""7"":612,""8"":409,""12"":338,""14"":324,""13"":301,""9"":144,""5"":10}",35,350000,4,2,35.71820,51.46330
56,یاران دریان بنفشه | پاسداران,1,1795,1,3.7894438138472,1762,"{""1"":1151,""4"":807,""3"":633,""2"":493,""11"":489,""14"":320,""6"":183,""9"":102,""7"":90,""8"":84,""12"":72,""13"":46,""5"":6,""10"":1}",35,400000,3,1,35.75955,51.45336
67,یاران دریان درسا | پیامبر,1,1080,1,3.7145593869728,522,"{""1"":276,""4"":272,""3"":181,""2"":170,""11"":148,""6"":129,""14"":75,""7"":32,""8"":25,""9"":21,""12"":21,""13"":14}",35,350000,3,2,35.73202,51.32831
71,یاران دریان آی تک | سیدخندان,1,1381,1,3.9374416433243,1071,"{""1"":719,""4"":510,""3"":368,""2"":307,""11"":261,""14"":180,""6"":127,""9"":49,""8"":39,""7"":32,""13"":31,""12"":27,""10"":4,""5"":2}",35,350000,3,2,35.74507,51.46211
73,یاران دریان شرفخانه | پیامبر,1,1492,1,4.1121698883753,3673,"{""1"":2403,""4"":2075,""3"":1525,""2"":1339,""11"":1093,""6"":625,""14"":308,""8"":112,""7"":106,""9"":85,""12"":83,""13"":82,""5"":6}",35,350000,3,1,35.73820,51.31217
75,جت مارت | تجریش,1,1313,1,4.516816816817,6660,"{""1"":5210,""4"":3979,""3"":3374,""2"":3310,""11"":1954,""6"":674,""7"":207,""14"":121,""12"":116,""8"":115,""13"":68,""9"":48,""5"":1}",35,400000,4,2,35.79946,51.43947
80,یاران دریان ایده آل | ستارخان,1,902,1,3.6723004694835,1065,"{""1"":576,""4"":492,""3"":345,""2"":267,""6"":237,""11"":223,""14"":154,""7"":51,""9"":46,""12"":44,""8"":39,""13"":33}",35,350000,3,2,35.72138,51.36819
82,یاران دریان آذربایجان | پاستور,1,1389,0,3.9707939119706,2431,"{""1"":1605,""4"":1277,""3"":880,""2"":681,""11"":549,""14"":340,""6"":335,""9"":109,""8"":89,""7"":85,""12"":77,""13"":62,""5"":5,""10"":1}",35,350000,3,1,35.69338,51.39083
84,یاران دریان کیمیا | شیخ الرییس,1,1392,1,4.0662878787884,3696,"{""1"":2607,""4"":2406,""3"":1740,""2"":1626,""11"":1290,""14"":581,""6"":407,""9"":201,""8"":120,""12"":97,""7"":94,""13"":49,""5"":2,""10"":1}",35,350000,3,1,35.68758,51.45678
85,سورنا - تست,0,7,1,0,0,,45,350000,3,2,35.41400,51.57658
100,سورنا 120 | بلوار دریا,1,1093,1,2.8806451612904,310,"{""6"":117,""1"":106,""4"":97,""14"":82,""3"":64,""2"":44,""11"":41,""9"":23,""8"":20,""7"":17,""12"":15,""13"":10}",35,350000,3,2,35.77200,51.37458
107,سورنا فرمانیه | سه راه عمار,1,1465,1,4.2622950819669,488,"{""1"":364,""4"":226,""3"":173,""2"":137,""11"":117,""6"":45,""14"":29,""7"":19,""12"":12,""8"":11,""9"":10,""13"":7}",35,400000,3,2,35.80755,51.44599
110,سورنا گلستان | مرزداران,0,7,1,3.2945205479452,146,"{""1"":75,""4"":66,""3"":47,""2"":45,""6"":44,""11"":43,""14"":23,""9"":10,""12"":9,""7"":8,""8"":3,""13"":2}",35,350000,3,2,35.73775,51.34845
111,سورنا یوسف آباد | بیستون,1,603,1,3.8864628820959,458,"{""1"":276,""4"":194,""3"":144,""2"":102,""6"":76,""11"":71,""14"":56,""7"":15,""12"":11,""13"":9,""8"":9,""9"":8}",35,400000,3,2,35.72658,51.40500
149,سورنا 579 | بهشتی,1,521,1,3.5910931174088,247,"{""1"":137,""4"":88,""3"":70,""6"":63,""2"":61,""11"":47,""14"":36,""9"":9,""12"":8,""8"":6,""13"":5,""7"":5}",35,350000,3,2,35.72787,51.41623
163,سورنا 891 | یوسف آباد,1,808,1,3.2304147465439,434,"{""1"":205,""6"":149,""4"":148,""3"":102,""2"":79,""11"":61,""14"":51,""9"":29,""7"":18,""13"":15,""12"":14,""8"":9}",35,400000,3,2,35.72472,51.40991
179,سورنا 86 | افسریه,1,1021,1,4.2825976661595,1971,"{""1"":1429,""4"":1201,""3"":841,""2"":747,""11"":424,""6"":220,""14"":129,""8"":71,""9"":69,""12"":62,""7"":55,""13"":48}",35,350000,3,1,35.65710,51.49170
207,هایمارت صدف | بلوار سرو,1,1297,1,3.5762711864405,354,"{""4"":153,""1"":152,""3"":124,""6"":107,""2"":103,""11"":86,""14"":54,""7"":12,""9"":11,""8"":8,""13"":7,""12"":6}",35,400000,3,2,35.78220,51.36524
237,هایمارت مهتا | امیر آباد,1,1045,1,3.5000000000001,164,"{""1"":89,""4"":70,""3"":46,""14"":41,""2"":41,""6"":30,""11"":30,""9"":11,""12"":9,""7"":7,""8"":5,""13"":1}",35,350000,3,2,35.72752,51.38826
239,هایمارت محل | والعصر,1,1212,1,4.0499015101775,1523,"{""1"":1045,""4"":861,""3"":638,""2"":541,""11"":461,""14"":207,""6"":199,""9"":62,""7"":41,""13"":41,""8"":35,""12"":28}",35,350000,3,2,35.70122,51.38557
240,هایمارت مرندیان | یوسف آباد,1,1194,1,3.6700000000004,500,"{""1"":298,""4"":223,""3"":163,""2"":140,""14"":131,""11"":110,""6"":49,""9"":38,""8"":15,""13"":9,""12"":7,""7"":7}",35,400000,3,2,35.73568,51.40564
241,هایمارت اطمینان | وزرا,1,559,1,3.7476635514019,107,"{""1"":65,""4"":51,""3"":29,""14"":28,""11"":24,""2"":21,""9"":10,""8"":6,""6"":6,""13"":2,""12"":2,""7"":1}",35,350000,3,2,35.73105,51.41326
244,دیلی مارکت 1082 | مرزداران,1,1077,1,3.9552746718519,2057,"{""1"":1204,""4"":1122,""3"":832,""11"":740,""2"":728,""6"":453,""14"":224,""7"":77,""12"":61,""8"":57,""13"":46,""9"":43}",35,450000,3,1,35.73462,51.35764
259,هایمارت سوپر رضا,1,1262,1,3.9764492753624,552,"{""4"":333,""1"":322,""3"":221,""2"":203,""11"":161,""6"":143,""14"":51,""8"":13,""13"":8,""9"":8,""12"":7,""7"":5}",35,350000,3,2,35.78260,51.33439
261,هایمارت مجد مارکت,1,805,1,4.2909738717337,842,"{""1"":600,""4"":501,""3"":412,""2"":354,""11"":266,""6"":78,""14"":76,""9"":26,""8"":20,""12"":17,""13"":15,""7"":12}",35,350000,3,2,35.72215,51.51331
265,دیلی مارکت 1001 | تهرانسر,1,1309,1,3.9008030231466,2117,"{""1"":1336,""4"":1317,""3"":851,""2"":759,""11"":653,""14"":347,""6"":302,""9"":146,""8"":71,""7"":69,""12"":60,""13"":41}",35,350000,3,1,35.69873,51.26253
267,دیلی مارکت 1069 | چیذر,1,960,1,3.5030800821352,1461,"{""1"":859,""4"":649,""3"":499,""2"":412,""14"":368,""11"":342,""6"":274,""9"":87,""12"":63,""8"":61,""7"":57,""13"":28}",35,400000,3,1,35.79654,51.45491
268,دیلی مارکت 1077 | یوسف آباد,1,1050,1,3.6074517631401,1503,"{""1"":804,""4"":636,""3"":488,""2"":405,""11"":396,""6"":396,""14"":245,""9"":74,""8"":65,""7"":61,""12"":50,""13"":46}",35,400000,3,1,35.74090,51.40521
282,نانوایی تست,1,2,1,0,0,,35,150000,3,2,36.56897,51.94002
290,هایمارت سوپر ساینا هریسی,1,1357,1,3.606177606178,518,"{""1"":274,""4"":251,""3"":169,""6"":146,""2"":128,""11"":103,""14"":83,""9"":36,""8"":22,""7"":19,""13"":13,""12"":12}",35,350000,3,2,35.73058,51.33755
315,هایمارت فروشگاه بهار | اکباتان,1,743,1,4.03294117647,425,"{""1"":259,""4"":254,""3"":168,""2"":154,""11"":111,""6"":90,""14"":33,""8"":14,""7"":13,""12"":9,""13"":8,""9"":6}",35,350000,3,2,35.71167,51.31448
321,هایمارت سوپر رها,1,597,1,3.4840425531913,376,"{""4"":178,""1"":164,""6"":128,""3"":123,""2"":105,""11"":86,""14"":74,""8"":24,""9"":23,""7"":21,""12"":16,""13"":11}",35,350000,3,2,35.69076,51.36127
323,هایمارت فروشگاه حسنوند,1,738,1,3.2684563758389,298,"{""4"":140,""1"":117,""6"":102,""3"":85,""2"":68,""14"":68,""11"":51,""9"":39,""8"":17,""7"":15,""13"":7,""12"":4}",35,350000,3,2,35.68830,51.37029
324,هایمارت فروشگاه مایلی,1,819,1,3.7505154639172,485,"{""4"":281,""1"":257,""3"":189,""2"":172,""11"":147,""6"":123,""14"":72,""7"":22,""9"":20,""12"":18,""8"":13,""13"":6}",35,350000,3,2,35.68780,51.36693
329,هایمارت سوپر برادران حافظی,1,1783,1,4.2001953124998,1024,"{""1"":716,""4"":608,""3"":469,""2"":420,""11"":376,""6"":122,""14"":112,""9"":54,""8"":35,""7"":24,""13"":24,""12"":21}",35,350000,3,1,35.71658,51.44029
334,هایمارت فروشگاه سعید,1,785,1,2.8775510204083,98,"{""4"":41,""14"":37,""6"":33,""1"":29,""3"":24,""2"":23,""11"":15,""7"":11,""9"":10,""8"":10,""12"":5,""13"":1}",35,350000,3,2,35.75651,51.29275
338,هایمارت سوپر میلاد | تهرانپارس,1,1035,1,4.1075085324232,1172,"{""1"":840,""4"":673,""3"":516,""2"":436,""11"":351,""6"":146,""14"":121,""9"":72,""8"":55,""7"":41,""13"":37,""12"":36}",35,350000,3,1,35.74089,51.53627
356,نانوایی گیشا | سنگک,1,9,0,0,0,,45,100000,3,2,35.72750,51.37697
358,جت‌ مارت | جی,1,978,1,4.3933324882749,7889,"{""1"":5473,""4"":5290,""3"":4076,""2"":4026,""11"":2398,""6"":1197,""7"":353,""8"":241,""12"":180,""14"":160,""13"":118,""9"":87}",35,350000,4,2,35.67568,51.35468
360,نان سروستان | سنگک,1,13,1,3.7910447761193,67,"{""3"":42,""2"":36,""1"":29,""4"":29,""6"":20,""11"":18,""14"":7,""7"":7,""8"":5,""9"":4,""13"":2,""12"":1}",35,150000,3,2,35.81276,51.40634
362,نانوایی سبلان | تافتون,1,2,1,3.7704918032787,244,"{""4"":125,""1"":124,""3"":111,""2"":103,""6"":52,""11"":35,""14"":19,""8"":16,""7"":12,""13"":9,""9"":9,""12"":2}",35,150000,3,2,35.71992,51.45919
367,نانوایی دهکده المپیک | بربری,0,0,0,3.4166666666665,60,"{""4"":34,""3"":22,""6"":22,""1"":21,""2"":18,""11"":5,""8"":3,""12"":2,""14"":2,""7"":2,""9"":1,""13"":1}",35,150000,3,2,35.75559,51.26588
370,نانوایی وزرا | سنگک,0,0,0,2.3333333333333,3,"{""1"":1,""2"":1,""3"":1,""4"":1,""11"":1,""14"":1,""6"":1,""7"":1,""8"":1}",45,150000,3,2,35.73090,51.41328
386,نانوایی بهشت | سنگک,0,0,1,4,4,"{""1"":3,""2"":3,""3"":3,""4"":1,""11"":1,""14"":1}",35,150000,3,2,35.73970,51.56636
389,نان قیطریه | فانتزی,1,5,1,4.1860465116279,43,"{""4"":25,""3"":25,""1"":24,""2"":11,""6"":7,""11"":7,""14"":5,""8"":2,""7"":1,""13"":1}",35,150000,3,2,35.79932,51.44081
400,سنگک جردن,0,0,0,0,0,,35,100000,3,2,35.76716,51.41445
404,نان محمدی | بربری,1,3,0,3.7553191489361,188,"{""4"":106,""1"":87,""3"":82,""2"":61,""6"":60,""8"":20,""11"":19,""14"":15,""9"":9,""7"":8,""13"":5,""12"":3}",35,150000,3,2,35.72857,51.30085
406,نان جردن | سنگک,1,9,1,4.0472222222227,360,"{""1"":247,""4"":182,""3"":162,""2"":132,""11"":63,""6"":55,""8"":21,""14"":21,""9"":11,""7"":7,""13"":7,""12"":1}",35,150000,3,2,35.76678,51.41627
411,نیروهوایی | سنگک,0,1,1,3.2272727272728,22,"{""6"":13,""4"":9,""3"":6,""1"":6,""2"":5,""8"":4,""7"":3,""11"":3,""9"":1,""12"":1,""13"":1,""14"":1}",35,150000,3,2,35.70040,51.48593
420,نان پاتریس | تافتون,0,0,1,3.8235294117647,51,"{""1"":34,""4"":29,""3"":25,""2"":24,""11"":10,""14"":8,""6"":4,""8"":2,""9"":1,""7"":1,""12"":1}",35,150000,3,2,35.72265,51.37488
421,نان شهرآرا | سنگک,0,0,1,0,0,,35,0,3,2,35.72660,51.37343
422,نانوایی گلستان,0,1,1,2.735294117647,68,"{""6"":31,""1"":23,""4"":21,""3"":12,""2"":12,""14"":10,""7"":8,""8"":5,""11"":4,""9"":3,""12"":2,""13"":1}",35,150000,3,2,35.75781,51.30827
423,سنگکی فرمانیه,1,8,1,4.2554517133959,321,"{""1"":211,""3"":172,""4"":147,""2"":115,""11"":56,""6"":41,""8"":19,""14"":11,""13"":8,""9"":6,""7"":2,""12"":1}",35,150000,3,2,35.80598,51.45253
424,سنگکی پیروزی,1,6,1,3.5343283582088,670,"{""4"":319,""1"":313,""3"":266,""2"":244,""6"":238,""11"":132,""8"":62,""7"":44,""14"":35,""13"":27,""9"":21,""12"":16}",35,150000,3,2,35.67234,51.46859
429,سنگک پاسدار,0,0,1,0,0,,35,0,3,2,35.67375,51.47407
438,نان آفریقا | بربری,1,6,1,4.125,32,"{""1"":23,""4"":19,""3"":17,""2"":14,""11"":6,""6"":5,""14"":3,""8"":1,""13"":1,""7"":1}",35,150000,3,2,35.78256,51.42286
440,نان تهرانپارس | سنگک,1,5,0,4.0535714285715,56,"{""1"":34,""4"":32,""3"":32,""2"":28,""11"":11,""6"":10,""14"":5,""13"":4,""8"":3,""7"":1,""9"":1,""12"":1}",35,150000,3,2,35.75775,51.53990
445,نان مرکزی | لواش,0,0,1,0,0,,35,0,3,2,35.72795,51.30234
451,نان کارون | تافتون,1,4,1,3.6351351351354,296,"{""4"":151,""1"":138,""3"":131,""2"":125,""6"":106,""11"":38,""14"":26,""7"":14,""8"":13,""13"":8,""9"":4,""12"":3}",35,150000,3,2,35.68315,51.36729
457,نان دهم | سنگک,0,0,0,3.6666666666667,27,"{""1"":16,""4"":12,""3"":9,""2"":8,""6"":6,""11"":3,""8"":3,""9"":1,""7"":1,""14"":1}",35,150000,3,2,35.73020,51.32363
458,یاران دریان دیلمان | انقلاب,1,830,1,4.4069478908188,806,"{""1"":624,""4"":452,""3"":350,""2"":315,""11"":253,""6"":60,""14"":59,""7"":21,""12"":18,""13"":17,""8"":13,""9"":13}",35,350000,3,2,35.69824,51.38849
461,یاران دریان شادلو | مجیدیه,1,1675,1,3.6555555555555,1440,"{""1"":720,""4"":707,""3"":547,""2"":489,""11"":431,""6"":389,""14"":202,""9"":96,""7"":77,""8"":70,""12"":53,""13"":40}",35,350000,3,1,35.73483,51.46233
466,یاران دریان تبریز | شریعتی,1,2001,1,4.2003891050584,514,"{""1"":364,""4"":258,""3"":228,""11"":185,""2"":172,""14"":40,""6"":39,""7"":22,""9"":20,""8"":15,""13"":15,""12"":6}",35,350000,3,2,35.77731,51.44227
471,یاران دریان خانواده | باغ فیض,1,2170,1,3.6953781512606,952,"{""1"":489,""4"":476,""3"":335,""2"":282,""6"":257,""11"":227,""14"":130,""8"":47,""9"":45,""7"":36,""13"":27,""12"":25}",35,350000,3,2,35.74780,51.32533
473,یاران دریان امیرسالار | بلوار فردوس,1,1308,1,4.2200460829491,868,"{""1"":554,""4"":516,""3"":377,""2"":327,""11"":262,""6"":142,""14"":71,""7"":38,""12"":31,""8"":24,""13"":24,""9"":22}",35,350000,3,1,35.71962,51.31444
477,یاران دریان خدامی | ونک,1,1697,1,3.8986013986014,286,"{""1"":181,""4"":125,""3"":95,""2"":73,""11"":65,""6"":56,""14"":29,""9"":11,""13"":11,""7"":11,""8"":8,""12"":3}",35,350000,3,2,35.76066,51.40802
485,هایمارت سوپر مارکت ثامن,1,1214,1,3.6666666666669,150,"{""4"":87,""1"":81,""3"":57,""2"":51,""11"":43,""6"":34,""14"":31,""9"":16,""12"":5,""13"":4,""7"":4,""8"":3}",35,350000,3,2,35.69268,51.24696
486,هایمارت سوپر مارکت ثامن 2,1,614,1,3.4153846153846,65,"{""4"":42,""1"":37,""2"":18,""3"":18,""6"":13,""14"":13,""11"":13,""9"":9,""7"":3,""12"":3,""8"":3,""13"":2}",35,350000,3,2,35.69576,51.25364
498,نانوایی خیابان سوم | لواش,1,2,1,3.9827586206896,58,"{""4"":34,""3"":31,""2"":27,""6"":25,""1"":19,""11"":4,""14"":2,""13"":2,""7"":1,""8"":1,""9"":1}",35,150000,3,2,35.76820,51.28977
509,نانوایی نوبنیاد | سنگک,0,0,0,4.1379310344827,29,"{""3"":20,""4"":17,""1"":15,""2"":13,""6"":9,""11"":6,""14"":2,""13"":2,""8"":1}",35,150000,3,2,35.79383,51.48001
514,یاران دریان اکبری | ایرانشهر,1,1867,0,4.0943396226418,1802,"{""1"":1245,""4"":1029,""3"":829,""2"":709,""11"":678,""6"":244,""14"":182,""9"":90,""8"":84,""7"":50,""12"":44,""13"":41}",35,350000,3,1,35.70899,51.43248
516,نانوایی خیابان پنجم | تافتون,0,0,1,0,0,,35,150000,3,2,35.69437,51.48853
537,یاران دریان شیخ صفی,1,1432,1,3.9299424184258,1042,"{""1"":597,""4"":578,""3"":435,""2"":348,""11"":334,""6"":227,""14"":89,""7"":37,""9"":36,""8"":34,""12"":28,""13"":28}",35,350000,3,1,35.71914,51.44845
545,هایمارت نیلوفر,1,1589,1,3.7647058823528,1207,"{""4"":631,""1"":568,""3"":448,""2"":355,""6"":354,""11"":294,""14"":127,""7"":58,""9"":50,""8"":46,""13"":41,""12"":38}",35,350000,3,1,35.76348,51.30667
547,نانوایی حافظ | تافتون,0,0,1,1,1,"{""14"":1}",35,150000,3,2,35.70225,51.41295
565,نانوایی دماوند | بربری,1,8,0,0,0,,35,100000,3,2,35.71072,51.47541
567,نانوایی کاشانک | سنگک,0,0,1,0,0,,35,0,3,2,35.81299,51.47259
569,نانوایی بلوار توکل | سنگک,0,0,1,0,0,,45,0,3,2,35.75414,51.48350
572,یاران دریان اکباتان,1,2958,1,4.1614853195166,1158,"{""4"":694,""1"":675,""3"":520,""11"":468,""2"":457,""6"":278,""14"":58,""7"":35,""8"":32,""13"":30,""12"":27,""9"":21}",35,350000,3,1,35.71318,51.31577
577,نانوایی تهرانسر | بربری,1,13,0,3.7354085603112,257,"{""1"":137,""4"":128,""3"":102,""2"":80,""6"":59,""11"":50,""14"":45,""8"":19,""7"":12,""13"":11,""9"":11,""12"":5}",35,150000,3,2,35.69469,51.25395
581,یاران دریان چمران | چهاردیواری,1,2234,1,1,1,"{""6"":1}",35,300000,3,3,35.77288,51.33042
585,یاران دریان غزال,1,1510,1,3.060810810811,148,"{""6"":61,""1"":48,""3"":41,""4"":39,""2"":30,""11"":24,""14"":18,""13"":9,""8"":9,""9"":9,""7"":6,""12"":5}",35,400000,3,2,35.77464,51.38209
591,یاران دریان گیشا,1,1524,1,4.1000000000003,870,"{""4"":474,""1"":465,""3"":328,""2"":280,""11"":269,""6"":175,""14"":71,""7"":18,""12"":14,""13"":14,""9"":13,""8"":13}",35,350000,3,1,35.73723,51.37736
605,نانوایی علامه شمالی | سنگک,0,1,1,0,0,,35,100000,3,2,35.78018,51.38067
615,هایمارت کوثری,1,1876,1,3.8563063063064,2220,"{""4"":1300,""1"":1216,""3"":976,""2"":916,""11"":831,""6"":581,""14"":195,""7"":150,""9"":110,""8"":102,""12"":95,""13"":58}",35,350000,3,1,35.68121,51.36756
624,دیلی مارکت 1084 | پیروزی,1,797,1,3.5250659630604,379,"{""4"":186,""6"":163,""2"":147,""3"":141,""1"":139,""11"":106,""14"":58,""7"":25,""8"":24,""9"":22,""12"":21,""13"":15}",35,450000,3,2,35.68330,51.45482
648,دیلی مارکت 1047 | جنت آباد شمالی,1,869,1,3.3695652173912,1058,"{""4"":450,""1"":423,""6"":335,""3"":334,""11"":288,""2"":273,""14"":255,""9"":89,""8"":48,""7"":47,""12"":35,""13"":24}",35,350000,3,1,35.76772,51.30414
664,دیلی مارکت 1091 | خیابان هاشمی,1,832,1,2.9268041237114,970,"{""6"":480,""4"":384,""1"":288,""3"":239,""2"":226,""11"":214,""14"":193,""9"":66,""8"":65,""7"":58,""12"":44,""13"":39}",35,500000,3,1,35.68909,51.35557
666,دیلی مارکت1027 | نارمک,0,0,1,0,0,,35,350000,3,2,35.72951,51.50346
702,یاران دریان امیرخان | ونک,1,1951,1,4.0429687499999,256,"{""1"":178,""4"":137,""3"":115,""2"":105,""11"":99,""14"":32,""6"":27,""9"":11,""7"":8,""12"":5,""8"":5,""13"":4}",35,350000,3,2,35.75849,51.40553
705,نانوایی استاد حسن بنا |سنگک,0,0,1,2.5,12,"{""6"":5,""1"":4,""4"":3,""8"":2,""2"":2,""14"":2,""13"":1,""3"":1}",35,150000,3,2,35.74806,51.47082
707,نانوایی شهرک فرهنگیان | تافتون,1,11,1,0,0,,35,100000,3,2,35.69507,51.17820
709,یاران دریان لادن | سعادت آباد,1,1657,1,3.0201342281879,149,"{""6"":59,""1"":48,""4"":46,""3"":34,""2"":28,""11"":27,""14"":24,""12"":11,""7"":10,""9"":9,""8"":8,""13"":8}",35,400000,3,2,35.79159,51.37462
720,نانوایی افسریه | سنگک,1,8,1,4.139534883721,344,"{""1"":224,""4"":185,""2"":157,""3"":149,""11"":89,""6"":49,""8"":33,""14"":23,""7"":19,""9"":13,""13"":6,""12"":4}",35,150000,3,2,35.64831,51.49166
735,نانوایی دردشت | سنگک,0,0,1,1,5,"{""6"":4,""13"":2,""14"":1}",35,150000,3,2,35.73148,51.50430
742,نانوایی چهاردیواری | سنگک,1,9,1,1.6666666666667,15,"{""6"":15,""8"":3,""3"":3,""7"":2,""9"":2,""12"":2,""13"":2,""14"":2,""11"":1}",35,150000,3,2,35.78578,51.33721
743,نانوایی خیابان پرستار | تافتون,0,0,1,3.823076923077,130,"{""4"":78,""1"":78,""3"":71,""2"":65,""11"":31,""6"":30,""14"":7,""13"":6,""7"":3,""9"":2,""8"":2,""12"":1}",35,150000,3,2,35.69524,51.48264
746,نانوایی انتظامی | لواش,0,0,0,0,0,,35,100000,3,2,35.73637,51.33667
754,نانوایی خسرو | بربری و لواش,0,0,0,2.2173913043477,23,"{""6"":19,""3"":5,""8"":4,""4"":4,""2"":4,""1"":4,""14"":3,""7"":2,""11"":2,""9"":1,""12"":1,""13"":1}",35,150000,3,2,35.72288,51.34904
760,نانوایی پروانه | سنگک,0,0,1,0,0,,35,100000,3,2,35.72239,51.30556
761,نانوایی سلیمانی | سنگک,0,0,1,0,0,,35,100000,3,2,35.78233,51.42387
766,نانوایی نوروزی | تافتون,1,3,1,1,2,"{""6"":2}",35,100000,3,2,35.75585,51.29012
767,نانوایی کاج | سنگک,0,0,0,0,0,,35,100000,3,2,35.72382,51.40149
768,تست,0,0,1,0,0,,35,100000,3,2,35.74959,51.47259
772,نانوایی رودبار غربی | تافتون,0,0,1,0,0,,35,100000,3,2,35.75881,51.44564
785,قنادی تشریفات | پونک,0,0,1,0,0,,35,300000,3,2,35.75472,51.32819
788,کافه رستوران گلاریس | پاسداران,0,0,0,0,0,,35,300000,3,2,35.76540,51.45923
795,قهوه سام | تهران ویلا,0,0,1,0,0,,45,300000,3,2,35.71943,51.36404
796,قهوه سام | شریعتی,0,0,1,0,0,,45,300000,3,2,35.77398,51.43742
814,شهرپت,1,95,1,5,1,"{""1"":1,""3"":1}",80,300000,3,3,35.74126,51.56462
816,گیاکادو,1,67,1,3.7777777777778,36,"{""1"":24,""3"":16,""2"":14,""4"":12,""14"":12,""11"":8,""7"":4,""8"":4}",110,300000,3,3,35.71861,51.40053
818,فروشگاه مهربانی,1,6,1,3.5,6,"{""1"":3,""3"":3,""4"":2,""6"":2,""2"":2,""8"":2,""7"":1,""14"":1}",110,300000,3,3,35.77246,51.42948
819,گالری گل هیمان,0,2,1,0,0,,110,300000,3,3,35.79864,51.44617
822,کافه ایستگاه | تقاطع طالقانی,1,66,1,0,0,,35,200000,3,2,35.70745,51.40550
823,کافه قهوه سنتر | پیروزی,1,17,1,5,1,"{""1"":1,""2"":1,""3"":1,""4"":1,""11"":1}",45,200000,3,2,35.69894,51.48784
824,کافه استارت لاین | دارآباد,1,58,1,2.3333333333333,3,"{""2"":1,""3"":1,""4"":1,""6"":1,""8"":1,""12"":1}",45,200000,3,2,35.82006,51.49265
826,ب کافه | زعفرانیه,1,79,0,0,0,,45,200000,3,2,35.79308,51.40984
828,توسعه تجارت آمیتیس,1,859,0,0,0,,80,300000,3,3,35.73380,51.34543
829,کافه کوکو,1,9,1,3,2,"{""6"":1,""7"":1,""8"":1,""9"":1,""12"":1,""13"":1,""14"":1,""3"":1}",45,200000,3,2,35.76689,51.47807
830,یاران دریان تک شهر | ستاری,1,969,1,2.9999999999999,194,"{""4"":80,""1"":72,""6"":70,""14"":51,""3"":50,""2"":43,""11"":37,""7"":16,""9"":15,""8"":13,""12"":8,""13"":5}",45,350000,3,2,35.77657,51.31812
832,مجموعه سیب جان,1,393,1,4.1635220125784,477,"{""1"":304,""3"":264,""2"":254,""4"":242,""11"":137,""7"":45,""14"":37,""6"":36,""12"":16,""13"":8,""9"":6,""8"":4}",35,300000,3,2,35.79548,51.45387
834,سوپر میوه جهانگیر,1,107,1,3.2307692307692,13,"{""1"":5,""2"":3,""4"":2,""9"":2,""3"":2,""6"":2,""14"":2,""13"":1}",35,250000,3,2,35.79630,51.41428
836,سوپر میوه چشم انداز,1,167,1,2.3750000000001,24,"{""14"":14,""7"":7,""1"":7,""3"":6,""4"":5,""2"":4,""9"":4,""8"":3,""6"":3,""12"":3,""13"":2,""11"":2}",35,250000,3,2,35.79679,51.41773
839,سوپر میوه گلستان,1,53,1,3.4000000000001,20,"{""1"":8,""3"":8,""4"":8,""2"":7,""11"":5,""7"":5,""14"":4,""9"":2,""6"":1,""8"":1}",35,250000,3,2,35.79531,51.39731
840,میوه قدس | تجریش,1,53,1,2.764705882353,17,"{""14"":8,""1"":7,""4"":6,""3"":5,""2"":3,""7"":2,""8"":2,""11"":2,""6"":1,""12"":1}",35,250000,3,2,35.80525,51.43300
841,یاران دریان پارسا | شمیران نو,1,584,1,4.0365535248045,383,"{""1"":248,""4"":211,""3"":182,""2"":170,""11"":151,""6"":66,""14"":44,""13"":14,""8"":11,""9"":9,""7"":8,""12"":4}",35,350000,3,2,35.75380,51.50287
844,هایپر میوه تک | چیذر,1,24,1,3,8,"{""1"":4,""4"":3,""3"":2,""6"":2,""14"":2,""7"":1,""11"":1}",35,300000,3,2,35.79484,51.45434
846,لوکس فروت | خیابان مقدس اردبیلی,0,0,1,4,1,"{""1"":1,""4"":1}",35,250000,3,2,35.80207,51.41753
847,سوپر میوه فروردین | انقلاب,1,134,1,3.4455445544555,101,"{""1"":69,""4"":48,""2"":34,""3"":27,""11"":21,""7"":16,""14"":16,""8"":7,""6"":6,""13"":5,""12"":3,""9"":3}",35,250000,3,2,35.69919,51.39454
848,هایپر میوه آذری | جنت آباد,0,0,1,3.0833333333333,12,"{""1"":7,""6"":4,""2"":4,""3"":3,""8"":2,""4"":1,""11"":1,""9"":1,""13"":1,""7"":1}",35,250000,3,2,35.77068,51.30452
853,میوه فروشی عدل | بلوار عدل,0,0,1,1,1,"{""6"":1}",35,300000,3,2,35.75443,51.32820
855,سوپر میوه باغ گیلاس | ولنجک,0,0,1,1,1,"{""6"":1}",35,250000,3,2,35.80840,51.38980
856,هایپر میوه نارنج | قلهک,1,138,1,2.7368421052631,38,"{""1"":16,""14"":15,""4"":9,""3"":9,""7"":8,""2"":7,""8"":7,""12"":5,""6"":4,""9"":4,""11"":2,""13"":1}",35,250000,3,2,35.77256,51.43824
857,سوپر میوه سیب | آیت اله کاشانی,1,137,1,3.4957264957265,234,"{""1"":124,""4"":114,""3"":93,""2"":75,""11"":63,""6"":45,""7"":36,""14"":34,""8"":15,""12"":8,""9"":8,""13"":2}",35,250000,3,2,35.73698,51.32419
863,میوه فروشی حسین آباد | میدان هروی,1,69,1,2.9433962264152,53,"{""1"":24,""14"":17,""3"":14,""4"":14,""6"":11,""2"":10,""7"":9,""11"":6,""8"":5,""12"":3,""9"":2,""13"":1}",35,250000,3,2,35.77414,51.47776
869,سوپر میوه توکل | زعفرانیه,1,135,1,4.1666666666667,6,"{""1"":5,""3"":5,""4"":3,""2"":1,""14"":1}",35,250000,3,2,35.80788,51.41892
872,کافه پاشا | الهیه,1,26,1,3,1,"{""1"":1}",35,200000,3,2,35.78588,51.42956
873,کافه مسیح زادکافه  | فرشته,1,33,1,0,0,,35,200000,3,2,35.78671,51.42420
874,کافه یارا | نارمک,1,11,1,1,2,"{""6"":1,""1"":1,""4"":1,""7"":1,""8"":1,""14"":1}",35,200000,3,2,35.72412,51.49229
875,کافه خودمونی | شریعتی,1,17,0,3,2,"{""2"":1,""3"":1,""4"":1,""1"":1}",35,100000,3,2,35.76292,51.44463
876,دلی کافه | میدان فردوسی,1,20,1,4.375,8,"{""1"":7,""4"":7,""2"":5,""3"":5,""11"":2,""7"":1,""6"":1}",35,200000,3,2,35.70231,51.41798
879,کافه 1923 | جنت آباد مرکزی,0,0,1,5,1,"{""1"":1,""4"":1,""8"":1}",35,200000,3,2,35.75943,51.30967
881,کافه نلی | شریعتی,1,78,1,4,8,"{""4"":5,""1"":5,""2"":4,""11"":3,""3"":2}",35,200000,3,2,35.77472,51.43722
882,کافه هنر و تجربه | شریعتی,1,33,1,4.5555555555556,9,"{""3"":7,""1"":5,""2"":4,""4"":4,""11"":3,""6"":1,""8"":1,""14"":1}",35,200000,3,2,35.77316,51.43814
883,قهوه داغ داغ حمید | چیذر,1,83,1,1,1,"{""6"":1}",35,200000,3,2,35.79749,51.45651
886,کافه شکلات | تهرانپارس,1,78,0,4,8,"{""1"":6,""2"":5,""3"":4,""4"":4,""11"":2,""6"":2,""7"":1,""8"":1}",35,250000,3,2,35.72667,51.52571
887,کافه گاردن | جماران,1,42,1,3,1,"{""6"":1,""8"":1}",35,200000,3,2,35.81469,51.45967
896,نانوایی خیابان پروین | بربری,0,0,0,0,0,,35,100000,3,2,35.72897,51.53279
897,کافه قنادی آسو | سعادت آباد,1,13,1,4,5,"{""3"":4,""2"":3,""4"":2,""1"":2,""11"":1,""8"":1,""14"":1,""6"":1}",35,200000,3,2,35.77723,51.37352
898,پت شاپ پتی ست,1,210,1,3.6666666666666,15,"{""4"":8,""1"":7,""2"":4,""3"":4,""6"":4,""13"":3,""11"":3,""14"":2}",80,300000,3,3,35.74047,51.30247
899,کلبه گل سن سون,0,0,1,0,0,,110,300000,3,3,35.66219,51.47700
902,پت شاپ چوپار,1,69,0,0,0,,80,300000,3,3,35.74038,51.48344
904,نانوایی ابوریحان | سنگک,1,5,1,4.5768374164812,449,"{""1"":346,""3"":311,""4"":268,""2"":240,""11"":113,""6"":33,""14"":12,""8"":11,""13"":7,""7"":4,""9"":3,""12"":1}",35,150000,3,2,35.69893,51.40029
908,نان کره ای  | میدان ولیعصر,0,0,1,0,0,,35,100000,3,2,35.71155,51.40634
918,پت شاپ پت آباد,0,2,0,0,0,,80,300000,3,3,35.73092,51.35065
919,نانوایی صبح دم | سنگک,0,0,1,3.3333333333333,6,"{""1"":4,""4"":4,""6"":2,""2"":2,""3"":2,""13"":1,""14"":1,""11"":1}",35,150000,3,2,35.76238,51.39910
922,داروخانه بیگ شاپ,1,101,1,4.75,4,"{""2"":4,""1"":3,""3"":3,""4"":3,""11"":2}",110,300000,3,3,35.75344,51.29496
923,داروخانه تک ایران,1,139,0,4.5905511811024,127,"{""1"":105,""2"":92,""4"":84,""3"":84,""11"":34,""6"":10,""9"":4,""8"":1,""14"":1,""13"":1}",80,300000,3,3,35.79502,51.48200
925,سوپر میوه ثامن | تجریش,1,119,1,2.6666666666667,3,"{""6"":2,""2"":1,""3"":1,""4"":1,""9"":1,""14"":1}",35,300000,3,2,35.80481,51.43093
927,هایپر میوه امیرآباد,1,90,1,4.2425249169438,301,"{""2"":215,""1"":203,""3"":177,""4"":159,""11"":87,""14"":29,""6"":24,""7"":17,""8"":9,""9"":8,""13"":5,""12"":5}",35,300000,3,2,35.71398,51.38932
931,هایپر میوه سن سون | پونک,0,0,1,3.6666666666667,6,"{""4"":4,""1"":3,""2"":2,""3"":2,""6"":1,""11"":1,""7"":1,""14"":1}",45,250000,3,2,35.77642,51.33307
932,هایپر میوه میلاد,0,0,1,5,1,"{""2"":1,""3"":1,""11"":1}",35,250000,3,2,35.76923,51.35663
934,سوپر میوه فدک | نظام آباد,1,57,1,3.2821576763487,241,"{""1"":100,""4"":92,""3"":80,""2"":76,""11"":55,""7"":52,""6"":51,""14"":43,""8"":24,""12"":10,""9"":9,""13"":9}",45,250000,3,2,35.72528,51.47393
936,میوه چهارفصل | فاطمی,1,92,1,2.8636363636363,22,"{""14"":12,""1"":11,""4"":7,""3"":7,""9"":5,""2"":4,""11"":2,""7"":2,""6"":1}",35,250000,3,2,35.72138,51.40072
937,میوه فروشی شیخ هادی,1,48,1,1,1,"{""6"":1}",45,250000,3,2,35.69025,51.40593
938,سوپر میوه شایان | قیطریه,1,5,0,0,0,,45,250000,3,2,35.79725,51.44427
940,پت شاپ پنجره,1,9,1,5,1,"{""4"":1}",80,300000,3,3,35.73488,51.52281
941,لاکسپت,1,17,1,5,1,"{""1"":1,""3"":1}",80,300000,3,3,35.73493,51.38804
942,پت پارسی,1,96,1,0,0,,80,300000,3,3,35.76037,51.28428
943,پت شاپ هانتر,0,0,1,0,0,,110,300000,3,3,35.71656,51.48504
944,تخفیف سیتی,0,0,0,0,0,,80,300000,3,3,35.72163,51.34228
945,راتا رز,1,18,1,0,0,,110,300000,3,3,35.70263,51.50299
947,پت آسا,0,0,1,0,0,,80,250000,3,3,35.72141,51.34276
953,سوپر میوه گلستان دوم | گیشا,0,0,1,0,0,,35,250000,3,2,35.73212,51.37832
957,گلفروشی گل ایرانی,1,96,0,1,4,"{""6"":3,""7"":1,""8"":1,""12"":1,""13"":1}",110,300000,3,3,35.79546,51.51982
958,کافه رستوران والهالا | شهرک غرب,1,11,1,3,2,"{""6"":1,""7"":1,""8"":1,""1"":1,""2"":1,""3"":1,""4"":1,""11"":1}",35,200000,3,2,35.76720,51.34723
960,میوه فروشی گلچین | سید خندان,1,74,1,4.1777777777779,45,"{""4"":25,""1"":24,""3"":22,""2"":12,""11"":7,""14"":6,""6"":3,""9"":1,""8"":1,""13"":1,""7"":1}",35,250000,3,2,35.74100,51.45131
962, پت شاپ گوزن,1,55,1,0,0,,80,300000,3,3,35.78000,51.35639
965,روشاک پت,1,95,0,5,2,"{""1"":2,""4"":2,""2"":1,""3"":1,""11"":1}",80,300000,3,3,35.73578,51.43707
966,پت شاپ نسیم,1,75,1,3.6666666666667,3,"{""3"":2,""6"":1}",80,300000,3,3,35.75479,51.33492
969,ملک شاهیان,1,225,1,5,5,"{""1"":5,""3"":3,""2"":3,""4"":2,""11"":1}",80,300000,3,3,35.71801,51.41135
970, هفت دریا,1,134,1,1,1,"{""1"":1,""4"":1,""11"":1,""14"":1}",80,300000,3,3,35.65780,51.32538
972,آفچه,0,0,1,0,0,,80,300000,3,3,35.77066,51.37115
976,هایپر میوه میدان شعاع | قائم مقام,0,0,1,3,1,"{""6"":1}",35,250000,3,2,35.72072,51.42099
978,میوه فروشی نایب | تجریش,1,43,0,0,0,,35,250000,3,2,35.80504,51.43297
980,قنادی بلوط | سنایی,1,43,1,3.470588235294,34,"{""1"":19,""4"":15,""2"":13,""3"":11,""11"":7,""14"":7,""6"":4,""8"":2,""7"":1,""13"":1,""9"":1}",35,250000,3,2,35.72167,51.41812
985,پتسبوک,0,0,0,0,0,,80,300000,3,3,35.68892,51.36967
987,پت شاپ میشا,1,35,0,0,0,,80,300000,3,3,35.80311,51.49755
991,کافه هتریک | یوسف آباد,1,67,1,0,0,,35,200000,3,2,35.72396,51.40500
992,کافه پستو | گیشا,0,0,1,0,0,,35,200000,3,2,35.72625,51.37991
993,کافه سیلار | بلوار فردوس,1,7,1,0,0,,35,200000,3,2,35.71905,51.33024
995,نان لواشی گلستان | نارمک,0,1,1,0,0,,35,100000,3,2,35.72393,51.47773
996,کافه فیلا | سه راه یاسر,1,57,0,3,1,"{""6"":1}",35,200000,3,2,35.81226,51.44923
1002,قهوه ریفورما | سهروردی,1,62,1,3.7391304347825,23,"{""3"":15,""1"":15,""4"":13,""2"":13,""11"":5,""14"":5,""6"":1,""13"":1}",35,200000,3,2,35.72340,51.43517
1007,سوپر میوه ماهان | علامه جنوبی,0,0,1,5,2,"{""3"":2,""1"":1,""4"":1,""11"":1}",35,250000,3,2,35.77448,51.38219
1010,میوه و تره بار منصف | تهرانپارس,1,133,1,3.9933035714284,448,"{""1"":306,""4"":245,""3"":225,""2"":196,""11"":142,""14"":54,""7"":47,""6"":41,""8"":11,""13"":10,""9"":7,""12"":6}",35,250000,3,2,35.73789,51.54012
1012,آبمیوه شیک نیل سو | کالج,1,36,1,4.2000000000001,15,"{""1"":10,""3"":10,""2"":9,""4"":7,""11"":4,""9"":1,""6"":1,""8"":1}",35,200000,3,2,35.70123,51.41211
1016,کافه ریونیز | هفت تیر,1,17,1,2.8,5,"{""4"":3,""1"":3,""2"":2,""8"":2,""11"":1,""14"":1,""3"":1}",35,200000,3,2,35.71030,51.41587
1018,نانوایی ریاحی | بربری,0,1,0,0,0,,35,100000,3,2,35.70524,51.32224
1019,به کافی | خیابان انقلاب,0,0,1,0,0,,35,200000,3,2,35.70124,51.41092
1021,کافه اشو | تجریش,1,32,1,0,0,,35,200000,3,2,35.80686,51.42790
1033,داروخانه جت 724,1,213,1,4.5882352941176,51,"{""4"":41,""1"":39,""2"":29,""3"":28,""11"":9,""6"":7,""9"":1,""13"":1,""14"":1}",80,300000,3,3,35.64028,51.34003
1043,کافه ن م | ایرانشهر,1,62,1,2,1,"{""14"":1}",35,200000,3,2,35.70864,51.41958
1045,کافه بارسا | یوسف آباد,1,71,1,0,0,,35,200000,3,2,35.72351,51.40211
1047,کافه پارکو | دارآباد,1,25,1,0,0,,35,200000,3,2,35.81384,51.49656
1060,کافه سپید سیاه | انقلاب,1,67,1,0,0,,35,200000,3,2,35.70446,51.39921
1061,قهوه آرامش | انقلاب,1,17,1,4,2,"{""2"":1,""3"":1,""6"":1,""7"":1,""8"":1}",35,200000,3,2,35.70005,51.39111
1062,سوپر میوه جمال زاده | فاطمی,1,123,1,3.4374999999999,96,"{""1"":59,""4"":47,""3"":37,""2"":36,""11"":29,""7"":22,""14"":16,""6"":8,""8"":4,""13"":1}",35,250000,3,2,35.71208,51.38408
1067,کافه بارمان | جمال زاده,1,31,1,0,0,,35,200000,3,2,35.70387,51.40158
1069,آبمیوه بستنی کوهستان,1,39,1,4,9,"{""3"":6,""6"":5,""4"":4,""1"":3,""2"":2,""11"":2,""14"":1}",35,200000,3,2,35.77273,51.43827
1070,مدیوم کافه | میدان مادر,1,38,1,0,0,,35,200000,3,2,35.75767,51.44230
1072,قهوه خان | کاشانک,1,36,1,0,0,,35,200000,3,2,35.81394,51.47818
1074,کافه رستوران رومئو | ونک,1,53,1,3.1111111111111,9,"{""6"":4,""4"":3,""8"":2,""3"":2,""1"":2,""13"":1,""14"":1}",35,200000,3,2,35.73920,51.40984
1076,کافه لته باز | جردن,1,61,1,2.6666666666667,3,"{""6"":3,""3"":2,""4"":1,""8"":1,""12"":1,""14"":1}",35,200000,3,2,35.76843,51.41983
1079,یاران دریان بلو مارت | نیاوران,1,3751,1,3.9833333333332,120,"{""1"":73,""4"":54,""3"":50,""2"":33,""11"":32,""14"":19,""6"":10,""8"":6,""9"":6,""7"":6,""13"":5,""12"":4}",35,350000,3,2,35.81639,51.44222
1083,داروخانه شمیم,1,109,1,4.4736842105264,19,"{""1"":15,""4"":12,""3"":10,""2"":4,""6"":2,""11"":2}",80,300000,3,3,35.80716,51.44774
1090,کافه رستوران خانکوک | میرداماد,1,11,1,0,0,,35,200000,3,2,35.75826,51.44290
1091,لئو پت شاپ,1,6,0,0,0,,80,300000,3,3,35.73446,51.43038
1094,کافه رستوران پیچا | دستگردی,1,26,1,4.1666666666667,6,"{""2"":5,""3"":5,""1"":4,""4"":2,""6"":2,""11"":1,""8"":1,""14"":1}",35,200000,3,2,35.76759,51.42212
1098,سوپر میوه چهل ستون | یوسف آباد,1,106,1,3.6666666666668,36,"{""1"":24,""3"":20,""4"":19,""2"":12,""11"":6,""6"":5,""8"":4,""14"":3,""7"":3,""9"":2}",35,200000,3,2,35.72255,51.40859
1100,کافه نام | بهجت آباد,1,187,1,3.8,10,"{""1"":8,""3"":7,""2"":6,""4"":5,""11"":3,""14"":2,""13"":1}",35,200000,3,2,35.71886,51.40837
1103,شیرینی تواضع صدری | نیاوران,1,44,1,4.1764705882352,34,"{""1"":26,""3"":22,""2"":18,""4"":13,""7"":6,""11"":6,""6"":4,""8"":3,""12"":1}",35,250000,3,2,35.81393,51.47118
1105,پروتئین زارع یزدی | نارمک,0,1,1,0,0,,35,350000,3,2,35.72918,51.50298
1110,باقلوا استابلولی لنیا | هروی,1,9,1,3.4,5,"{""1"":3,""3"":3,""4"":3,""2"":2,""11"":2,""12"":1,""14"":1}",35,250000,3,2,35.76836,51.47392
1113,قنادی توکلی فر تبریزی | ولیعصر,1,141,1,3.9300000000002,100,"{""1"":77,""4"":62,""3"":58,""2"":49,""11"":28,""7"":12,""14"":11,""8"":10,""6"":9,""12"":7,""9"":3,""13"":1}",35,250000,3,2,35.72069,51.40760
1114,گل فروشی آراز | هروی,0,2,1,0,0,,120,300000,3,3,35.76450,51.47960
1115,گل ما,1,5,0,0,0,,110,300000,3,3,35.80286,51.49358
1117,گل پیونی,1,58,1,3.1052631578947,19,"{""1"":8,""3"":7,""14"":6,""4"":5,""2"":4,""7"":3,""6"":3,""8"":3,""11"":2,""9"":1}",110,300000,3,3,35.73030,51.44296
1118,آرتا پت,1,35,1,0,0,,80,300000,3,3,35.76016,51.23032
1119,گل باختر | اشرفی اصفهانی,1,37,1,0,0,,110,300000,3,3,35.77586,51.33560
1120,گل باختر | سعادت آباد,1,31,1,0,0,,110,300000,3,3,35.77999,51.36489
1121,پروتئین سمین | ظفر,1,42,1,4.4709302325582,172,"{""1"":135,""3"":128,""2"":117,""4"":113,""11"":78,""14"":14,""9"":5,""6"":5,""8"":3,""13"":2,""7"":1,""12"":1}",35,250000,3,2,35.76470,51.44322
1122,میوه فروشی صدف | رسالت,0,0,1,3.9090909090909,11,"{""1"":6,""4"":6,""3"":5,""2"":2,""9"":1,""14"":1,""8"":1,""7"":1,""6"":1}",35,250000,3,2,35.74585,51.48581
1128,قنادی لادن | فاطمی,0,0,1,4,35,"{""1"":22,""3"":20,""4"":20,""2"":15,""11"":10,""6"":3,""7"":3,""9"":1,""12"":1,""8"":1}",35,250000,3,2,35.71530,51.39271
1130, تیرادور,1,33,1,0,0,,80,300000,3,3,35.76050,51.23034
1132,رویال پت ایران,0,0,1,5,1,"{""4"":1}",80,300000,3,3,35.69293,51.48128
1133,پروتئین فرهاد | نارمک,0,0,1,0,0,,35,350000,3,2,35.73207,51.50369
1134,پتیشا,1,72,1,5,2,"{""1"":2,""2"":1,""3"":1,""4"":1,""11"":1}",80,300000,3,3,35.75034,51.54184
1136,پیشی شاپ,1,10,1,0,0,,80,300000,3,3,35.74142,51.40897
1137,آکوا پت گلدن فیش,1,9,0,0,0,,110,300000,3,3,35.74289,51.55528
1140,سرزمین قاصدک ها,0,0,0,0,0,,80,300000,3,3,35.69023,51.36035
1143,تریم آرت مارکت,0,0,1,0,0,,80,300000,3,3,35.71804,51.49281
1147,شیرینی سرای شکلات | تهرانپارس,1,20,1,4.0799999999999,25,"{""1"":16,""4"":13,""3"":12,""2"":11,""11"":6,""7"":4,""12"":2,""14"":1,""9"":1}",35,250000,3,2,35.74244,51.53946
1148,کافه سنتی سوپر استار | نبوت,1,141,1,1,3,"{""6"":3,""4"":1,""7"":1,""8"":1,""12"":1,""14"":1}",35,200000,3,2,35.72969,51.49922
1150,کافه راک | شهرک غرب,1,35,1,0,0,,35,200000,3,2,35.76887,51.37266
1152,باقلوای چای کنار | فاطمی,1,8,1,4.5714285714286,7,"{""3"":6,""2"":6,""1"":4,""11"":3,""4"":3,""14"":1,""6"":1,""13"":1}",35,250000,3,3,35.72079,51.40076
1154,بازرگانی پارس ایران,1,30,0,0,0,,80,300000,3,3,35.79206,51.49755
1158,کالا گستر خاور,1,24,1,1,1,"{""6"":1}",80,300000,3,3,35.69087,51.47870
1159,راپانزل پت شاپ,1,55,1,0,0,,80,300000,3,3,35.74653,51.28575
1160,گربه سگ پت استور,1,15,1,0,0,,80,300000,3,3,35.72119,51.50453
1161,ایران پت شاپ,1,29,1,0,0,,80,0,3,3,35.72197,51.30753
1162,کافه لته باز | بزرگمهر,0,0,1,0,0,,35,200000,3,2,35.70385,51.40404
1180,قهوه چی | انقلاب,1,29,1,4.7777777777778,18,"{""1"":17,""2"":17,""3"":17,""4"":17,""11"":17,""14"":1}",35,200000,3,2,35.69833,51.39167
1181,پروتئین آرمنیان | مطهری,1,236,1,4.2375000000001,160,"{""1"":107,""2"":107,""3"":87,""4"":79,""11"":47,""6"":16,""14"":12,""9"":9,""12"":6,""8"":4,""7"":3,""13"":2}",35,250000,3,2,35.72357,51.43534
1182,گلباران,1,13,1,5,5,"{""1"":4,""3"":3,""4"":2,""2"":1}",110,300000,3,3,35.76752,51.42229
1193,شهر قشنگ,0,0,1,1,1,"{""6"":1}",110,300000,3,3,35.69305,51.40320
1200,نان ماندگار | یوسف آباد,1,36,1,3.897435897436,39,"{""4"":24,""3"":23,""1"":22,""2"":18,""11"":13,""14"":5,""6"":3,""12"":3,""8"":1}",35,250000,3,2,35.72396,51.40774
1201,میوه ولیعصر | 12 فروردین,1,145,1,3.3066666666666,75,"{""6"":36,""3"":35,""1"":32,""4"":32,""2"":31,""11"":23,""14"":8,""7"":5,""8"":3,""9"":3,""13"":3,""12"":1}",35,250000,3,2,35.69299,51.39556
1207,گل آس,1,37,1,3.6666666666667,3,"{""4"":2,""1"":1,""2"":1,""3"":1}",110,300000,3,3,35.76633,51.42720
1210,تلفام,1,12,1,5,5,"{""3"":5,""4"":5,""1"":4,""2"":4,""11"":2}",110,300000,3,3,35.76073,51.20366
1215,پروتئین نمونه تهران | انقلاب,0,0,1,4.7142857142858,42,"{""1"":37,""3"":33,""2"":30,""4"":27,""11"":15,""6"":1,""14"":1}",35,250000,3,2,35.71158,51.38419
1218,وی پت,1,132,1,3.5,4,"{""3"":2,""6"":2,""2"":1,""1"":1}",80,300000,3,3,35.78476,51.39019
1222,کافه هاوس | آیت الله کاشانی,1,71,1,2,4,"{""6"":3,""8"":1,""2"":1,""3"":1}",35,200000,3,2,35.73578,51.32698
1224,گل کده دژاوو | تندیس,1,13,0,0,0,,110,300000,3,3,35.80862,51.42934
1227,گلسرای بلوط,0,0,1,0,0,,110,300000,3,3,35.69387,51.38306
1231,گل دلینا,1,20,1,3.6874999999999,16,"{""4"":8,""3"":6,""11"":6,""1"":6,""2"":4,""6"":3,""14"":2,""8"":1,""9"":1,""13"":1}",110,300000,3,3,35.78273,51.37246
1234,کافه آبمیوه هفت چشمه | یوسف آباد,1,11,0,3.8888888888889,18,"{""1"":13,""2"":11,""4"":9,""3"":9,""12"":4,""11"":4,""8"":3,""7"":2,""6"":1,""13"":1}",35,200000,3,2,35.72297,51.40022
1235,قهوه الی | خیابان ولیعصر,1,36,1,1,4,"{""14"":4,""6"":3,""7"":2,""8"":2,""9"":2,""12"":2,""13"":2}",35,200000,3,2,35.72609,51.52574
1236,گل فروشی زیبا,1,35,1,3.8333333333333,6,"{""1"":5,""3"":4,""4"":4,""2"":3,""11"":2,""6"":1,""7"":1,""8"":1,""14"":1}",110,300000,3,3,35.73330,51.54328
1238,گل فروشی آراز | شهرک امام,1,11,0,0,0,,110,300000,3,3,35.73511,51.61488
1241,یاران دریان بنک چی | بلوار کوهک,1,3747,1,4.0826446280993,484,"{""1"":283,""4"":279,""3"":221,""11"":210,""2"":190,""6"":98,""14"":31,""7"":25,""12"":19,""8"":14,""13"":11,""9"":10}",35,350000,3,2,35.72908,51.24744
1242,میوه فروشی آیلین | رسالت,0,0,1,3.047619047619,21,"{""6"":11,""3"":9,""4"":9,""2"":7,""1"":7,""11"":4,""14"":2,""8"":1}",35,250000,3,2,35.73852,51.46938
1250,دیلی مارکت 1111| بلوار کوهک,1,974,1,2.8,5,"{""6"":3,""2"":1,""3"":1,""4"":1,""14"":1,""1"":1}",35,350000,3,3,35.72951,51.24067
1251,میوه بهار | اندرزگو,1,113,1,2.75,4,"{""14"":3,""8"":2,""2"":1,""3"":1,""4"":1,""6"":1}",35,250000,3,2,35.80174,51.44585
1254,آکوا صدف,1,177,1,0,0,,110,300000,3,3,35.72055,51.35608
1255,پروتئین بارکو| آیت اله کاشانی,0,0,1,0,0,,35,250000,3,2,35.72834,51.32897
1256,کافه پرسیت| پل حافظ,1,60,1,1,3,"{""6"":2,""14"":1}",35,200000,3,2,35.69083,51.41095
1268,شیرینی فرانسه | چهارراه وصال,1,55,1,4.4347826086956,23,"{""1"":21,""3"":17,""4"":15,""2"":15,""11"":9,""14"":2,""7"":1,""8"":1,""6"":1}",35,250000,3,2,35.70175,51.40018
1269,الو کیک | پاسداران,1,39,1,3.1249999999999,8,"{""2"":5,""3"":5,""14"":2,""1"":2,""4"":2,""11"":2,""6"":1}",35,250000,3,2,35.78056,51.46763
1273,کافه موآ | امانیه,1,39,1,0,0,,35,200000,3,2,35.77649,51.41314
1274,جت مارت خاوران,1,850,1,4.4367141659682,1193,"{""4"":873,""1"":824,""3"":682,""2"":681,""11"":358,""6"":218,""7"":22,""8"":21,""14"":12,""9"":11,""13"":7,""12"":5}",35,350000,4,2,35.65719,51.45461
1277,کافه فلامینگو | ملاصدرا,1,71,1,4,4,"{""3"":3,""2"":3,""11"":2,""1"":1,""4"":1,""6"":1,""12"":1}",35,200000,3,2,35.76584,51.39499
1321,حیات مارکت علامه جنوبی,0,0,1,0,0,,35,300000,3,2,35.72996,51.50328
1325,حیات مارکت بومهن,0,0,0,0,0,,35,300000,3,2,35.73269,51.85941
1342,یاران دریان دخیلی | چیتگر,1,1587,1,4.1237113402063,194,"{""1"":108,""4"":107,""3"":72,""2"":65,""11"":39,""6"":32,""14"":15,""9"":9,""7"":7,""12"":6,""8"":6,""13"":2}",35,350000,3,2,35.74735,51.18491
1373,پت شاپ گوپی,1,32,1,0,0,,80,300000,3,3,35.73937,51.30761
1375,داروخانه مکمل درمان,1,81,1,3.8,10,"{""4"":6,""3"":6,""2"":4,""1"":3,""11"":3,""8"":2,""6"":2,""14"":1,""7"":1,""13"":1}",80,300000,3,3,35.67098,51.24466
1376,گلزار گیتی,1,11,1,4,9,"{""2"":7,""3"":5,""1"":4,""4"":4,""6"":2,""14"":1,""8"":1}",110,300000,3,3,35.69413,51.38156
1379,هیلدا هلث,1,148,1,4.6911764705882,68,"{""1"":62,""4"":48,""3"":47,""2"":35,""11"":28,""6"":5,""13"":2,""14"":2,""7"":1,""8"":1,""9"":1,""12"":1}",110,300000,3,3,35.70816,51.40742
1382,شیرینی و آجیل میخوش | سعادت آباد,1,44,1,1,9,"{""6"":9}",35,250000,3,2,35.78524,51.38983
1385,آمیستا,1,7,0,0,0,,110,300000,3,3,35.70687,51.40344
1386,کافه شانو| خیابان شریعتی,1,23,1,0,0,,35,200000,3,2,35.77282,51.43791
1395,قهوه ملو | میدان ولیعصر,1,24,1,0,0,,35,200000,3,2,35.00000,51.00000
1398,قهوه دوپیو | خیابان پادگان,1,14,1,0,0,,35,200000,3,2,36.28069,50.01987
1399,داروخانه منتخب,1,10,0,5,3,"{""1"":3,""2"":1,""3"":1,""4"":1}",80,300000,3,3,35.71516,51.36041
1403,هایپر میوه آراز | سعادت آباد,0,0,1,2,1,"{""6"":1}",35,250000,3,2,35.77541,51.38206
1412,نانوایی آوازه | سنگک,0,0,1,4.2,10,"{""3"":8,""1"":6,""2"":6,""4"":4,""11"":4,""6"":2,""7"":1,""8"":1,""9"":1,""12"":1,""13"":1,""14"":1}",35,150000,3,2,35.70670,51.43324
1423,نانوایی لواش صحرا| لواش,1,4,1,3.4,5,"{""1"":3,""4"":3,""6"":2,""2"":1}",35,150000,3,2,35.77557,51.34913
1432,نان و قنادی نایس | کارگر شمالی,1,5,1,0,0,,35,250000,3,2,35.72401,51.38887
1433,نان و قنادی نایس | باغ فیض,0,4,1,2,3,"{""14"":2,""2"":1,""3"":1,""9"":1,""6"":1,""8"":1}",35,250000,3,2,35.74611,51.32605
1434,نان و قنادی نایس | شهرزیبا,0,4,1,0,0,,35,250000,3,2,35.74525,51.28553
1435,دم کافه | جردن,1,76,1,4.3500000000001,20,"{""3"":14,""2"":9,""11"":7,""1"":7,""4"":5,""6"":5,""14"":2,""13"":1}",35,200000,3,2,35.77175,51.42376
1441,نانوایی زرگنده | لواش,0,1,1,4.8750000000001,16,"{""1"":13,""4"":13,""3"":12,""2"":10,""11"":2}",35,150000,3,2,35.77167,51.43071
1442,فروشگاه محسن | سعادت‌آباد,1,266,1,3.0714285714285,42,"{""4"":18,""1"":17,""6"":17,""2"":15,""3"":12,""11"":9,""14"":1,""13"":1}",35,2000000,3,2,35.77892,51.36519
1443,نانوایی لواش ماهان | آزادی,0,0,1,0,0,,35,150000,3,2,35.71014,51.35119
1449,نانوایی پایتخت | بربری,0,1,1,0,0,,35,300000,3,2,35.73243,51.35606
1451,نانوایی حاج علی | تافتون,1,2,1,4.4423076923076,52,"{""1"":40,""4"":31,""2"":27,""3"":27,""11"":11,""6"":3,""14"":2,""13"":2}",35,100000,3,2,35.71659,51.39915
1452,نانوایی محرابی |شهرک غرب,1,2,1,0,0,,35,100000,3,2,35.76904,51.34286
1453,کافه دیاکو | تئاتر شهر,1,27,1,0,0,,35,200000,3,2,35.70209,51.40981
1464,نانوایی امیر کبیر | بربری,1,11,1,4,11,"{""3"":8,""1"":7,""2"":7,""4"":6,""11"":5,""14"":2,""6"":1}",35,100000,3,2,35.74725,51.24080
1465,کافه ژوان | میدان ولیعصر,1,109,1,2.3749999999999,8,"{""2"":4,""1"":3,""7"":3,""14"":3,""13"":2,""4"":2,""3"":1,""6"":1,""8"":1}",35,200000,3,2,35.71142,51.41057
1466,نانوایی سروستان| | سنگک,1,9,1,4.1935483870967,31,"{""4"":23,""1"":21,""3"":18,""2"":15,""11"":10,""6"":4,""14"":2,""7"":2,""9"":1}",35,100000,3,2,35.75418,51.23724
1467,کافه مارول | شریعتی,1,56,1,4.4666666666666,15,"{""3"":11,""1"":9,""2"":8,""4"":7,""11"":7,""8"":1,""6"":1,""13"":1}",35,250000,3,2,35.70540,51.43235
1479,نانوایی شهید حیدری| سنگک,0,0,1,1,1,"{""6"":1,""7"":1,""8"":1,""14"":1}",35,100000,3,2,35.69359,51.38811
1481,نانوایی سلیمانیه | آذربایجان,1,2,1,3.1666666666667,6,"{""3"":2,""6"":2,""1"":2,""4"":1,""11"":1,""13"":1,""14"":1}",35,100000,3,2,35.69359,51.38811
1488,نانوایی کوی فراز | بربری,1,9,1,2,7,"{""6"":5,""14"":2,""1"":1,""2"":1,""3"":1,""4"":1,""11"":1}",35,100000,3,2,35.78924,51.36714
1495,نانوایی سردار جنگل |خیابان میرباقری,0,1,1,5,1,"{""1"":1,""2"":1,""3"":1,""4"":1}",35,100000,3,2,35.77304,51.32789
1496,گالری گل ریحام,0,4,1,0,0,,110,300000,3,3,35.76153,51.44062
1498,نانوایی سرو | تافتون,1,5,1,3.2,5,"{""3"":3,""2"":3,""4"":3,""1"":2,""6"":2,""11"":1,""7"":1,""8"":1,""14"":1}",35,100000,3,2,35.78300,51.37940
1499,گل خانه انگور,1,25,1,0,0,,110,300000,3,3,35.66229,51.47292
1500,نانوایی سلیمانیه | سمیه,0,1,1,4,1,"{""6"":1}",35,100000,3,2,35.70515,51.41564
1503,نانوایی ایثار | لواش,1,6,0,0,0,,35,100000,3,2,35.78725,51.35085
1508,نانوایی سینا | سنگک,0,0,1,0,0,,35,100000,3,2,35.75266,51.23446
1510,نانوایی نانا | سنگک,1,8,0,4.3404255319149,47,"{""1"":37,""4"":34,""3"":32,""2"":30,""11"":22,""6"":7,""8"":1,""12"":1,""7"":1}",35,100000,3,2,35.74774,51.24803
1545,داروخانه نیوا مکمل,1,79,1,5,3,"{""1"":3,""4"":3,""2"":1,""3"":1}",110,300000,3,3,35.65775,51.36266
1546,داروخانه مکمل پیک,1,175,1,5,3,"{""3"":2,""4"":1,""6"":1,""11"":1,""2"":1}",110,300000,3,3,35.74013,51.49189
1565,نانوایی شمیران نو | لواش,0,1,1,3,4,"{""1"":2,""4"":2,""2"":1,""3"":1,""6"":1,""14"":1,""8"":1}",35,150000,3,2,35.75041,51.49897
1568,کافه ویونا | پلاتین,0,0,1,0,0,,35,200000,3,2,35.75225,51.36520
1576,نانوایی جهانی |سنگک,1,10,1,3.7586206896552,29,"{""4"":19,""3"":16,""1"":14,""2"":10,""6"":5,""11"":5,""14"":2,""8"":1,""9"":1}",35,150000,3,2,35.71463,51.40788
1584,لواش امام یاری | وحیدیه,0,1,1,3.25,4,"{""6"":2,""2"":2,""3"":2,""4"":2,""1"":1,""11"":1,""7"":1}",35,150000,3,2,35.71547,51.47346
1594,نان فانتزی گلستان | شهرک غرب,1,21,1,1,4,"{""6"":2,""8"":1,""7"":1,""14"":1}",35,150000,3,2,35.75315,51.37436
1598,نانوایی آصف نامجو |سنگک,1,3,1,2.5555555555555,18,"{""6"":11,""3"":5,""1"":5,""4"":4,""2"":4,""11"":3,""14"":3,""13"":3,""8"":3,""9"":2,""7"":2,""12"":1}",35,150000,3,2,35.71840,51.45424
1600,پروتئین مزه حنیف | نارمک,1,33,1,2.4,5,"{""6"":3,""3"":2,""14"":1,""2"":1,""4"":1,""11"":1}",35,250000,3,3,35.73061,51.50108
1608,کافه بلاویتا | هروی,1,67,1,1,1,"{""7"":1,""8"":1,""12"":1}",35,200000,3,3,35.76836,51.47392
1615,فروشگاه محسن | میدان هروی,1,320,1,3.7333333333333,30,"{""1"":18,""2"":14,""4"":14,""11"":12,""3"":11,""14"":7,""7"":2,""8"":2,""6"":2,""13"":1,""9"":1}",35,2000000,3,3,35.76594,51.47928
1621,داروخانه ممتاز,1,143,1,4.875,8,"{""1"":8,""2"":6,""3"":4,""4"":4,""11"":4,""13"":2,""9"":1}",110,300000,4,4,35.75174,51.53705
1643,هایمارت مهدی | شهرک غرب,1,1036,1,2.8571428571429,14,"{""14"":4,""1"":3,""3"":3,""11"":3,""4"":3,""2"":3,""6"":3,""7"":2,""9"":1,""12"":1,""8"":1}",35,350000,3,3,35.75600,51.37675
1644,هایمارت نخل مارکت | تهرانپارس,1,1093,1,3.6666666666668,117,"{""1"":65,""4"":62,""3"":42,""11"":35,""2"":35,""14"":23,""6"":17,""9"":7,""13"":6,""8"":6,""7"":4,""12"":2}",35,350000,3,3,35.72204,51.51342
1646,فروشگاه محسن | نازی آباد,1,321,1,4.15,20,"{""4"":15,""11"":11,""3"":11,""1"":10,""2"":9,""6"":6,""8"":3,""7"":2,""14"":2}",35,2000000,3,3,35.63883,51.40411
1647,فروشگاه محسن | پونک,1,297,1,2.7777777777778,18,"{""6"":8,""14"":7,""8"":4,""4"":4,""1"":3,""2"":3,""3"":2,""13"":1,""11"":1,""7"":1,""9"":1,""12"":1}",35,2000000,3,3,35.75456,51.32819
1649,فروشگاه محسن | امام خمینی,1,279,1,4.8571428571428,7,"{""4"":6,""1"":4,""2"":3,""11"":2,""3"":2}",35,2000000,3,3,35.68650,51.35728
1651,فروشگاه محسن | تهرانسر,1,291,1,4.421052631579,19,"{""1"":15,""4"":12,""3"":11,""2"":8,""11"":6,""6"":2}",35,2000000,3,3,35.69303,51.25247
1652,فروشگاه محسن | افسریه,1,342,1,3.9545454545455,22,"{""1"":16,""3"":15,""4"":15,""2"":13,""11"":12,""6"":3,""14"":1,""13"":1,""9"":1,""7"":1,""8"":1}",35,2000000,3,3,35.65547,51.49728
1653,فروشگاه محسن | یافت آباد,1,340,1,4.0999999999999,20,"{""4"":14,""1"":13,""11"":13,""2"":12,""3"":12,""14"":5,""6"":3,""8"":2,""9"":2,""7"":1}",35,2000000,3,3,35.66050,51.33875
1654,فروشگاه محسن | اسکندری جنوبی,1,227,1,3.8,10,"{""1"":6,""3"":5,""4"":5,""11"":4,""2"":4,""7"":3,""12"":2,""6"":1}",35,2000000,3,3,35.69906,51.38072
1655,هایمارت اولیایی | خلیج فارس,1,527,1,4.5217391304348,46,"{""1"":38,""4"":33,""3"":25,""2"":22,""11"":15,""14"":4,""6"":4,""12"":2,""9"":1,""7"":1,""8"":1}",35,350000,3,3,35.66399,51.26264
1656,فروشگاه محسن | 24متری شهرری,1,277,1,3.6666666666667,3,"{""1"":2,""2"":2,""3"":2,""4"":2,""11"":1,""13"":1}",35,2000000,3,3,35.59175,51.44653
1661,سوپر مارکت اخوان | خیایان طوس,0,0,1,0,0,,35,350000,3,3,35.70691,51.40317
1678,پروتئین آراد | شهرک غرب,1,19,1,3.7551020408163,49,"{""3"":26,""1"":23,""4"":18,""11"":12,""8"":11,""14"":11,""2"":10,""6"":9,""9"":3,""13"":1,""12"":1}",35,250000,3,3,35.77574,51.35741
1682,فروشگاه محسن | شمشیری,1,356,1,3.2222222222222,9,"{""6"":7,""11"":4,""2"":3,""3"":3,""4"":3,""1"":2,""7"":1,""9"":1,""8"":1,""14"":1}",35,2000000,3,3,35.67400,51.34431
1684,فروشگاه محسن | میدان محمدیه ( اعدام),1,272,1,2.7142857142858,14,"{""6"":6,""1"":6,""4"":6,""3"":5,""2"":4,""9"":3,""11"":2,""14"":2,""8"":2,""7"":1}",35,2000000,3,3,35.66803,51.41764
1685,فروشگاه محسن | رجائی,1,277,1,4.1111111111111,9,"{""4"":6,""2"":5,""6"":4,""1"":3,""3"":3,""11"":2,""14"":1}",35,2000000,3,3,35.63519,51.41053
1686,فروشگاه محسن | شهرک راه آهن,1,319,1,3.8,5,"{""4"":3,""1"":3,""2"":3,""3"":2,""11"":2,""8"":1,""14"":1,""6"":1}",35,2000000,3,3,35.74656,51.24786
1687,یاران دریان  نمونه | حافظ,1,1820,1,3.3333333333333,27,"{""6"":11,""4"":9,""1"":8,""3"":7,""14"":6,""2"":6,""11"":4,""9"":2,""7"":1}",35,350000,3,3,35.68853,51.41205
1695,پروتئین امیر | ستارخان,1,32,1,3.4545454545455,11,"{""11"":6,""1"":6,""2"":6,""3"":6,""4"":6,""6"":4,""14"":2,""13"":1,""7"":1,""8"":1,""12"":1}",35,250000,3,3,35.72246,51.34803
1700,آبمیوه وانیلا هاوس | پاسداران,1,53,1,4.1666666666667,6,"{""1"":4,""2"":4,""3"":4,""4"":3,""11"":2,""6"":2}",35,250000,3,3,35.75619,51.45291
1709,کافه رستوران کالوشه | سئول,1,88,1,0,0,,35,200000,3,3,35.77991,51.39389
1717,سوپر گوشت گلچین | نارمک,1,6,1,0,0,,35,250000,3,3,35.72950,51.50065
1720,قهوه سان آرت | سهروردی,1,34,1,0,0,,35,200000,3,3,35.72434,51.43510
1721,نانوایی سنگک سید | نبرد جنوبی,0,0,1,0,0,,35,150000,3,3,35.65676,51.47459
1744,کافه آس | پاسداران,1,69,1,0,0,,35,200000,3,3,35.75466,51.45243
1750,هایپر میوه طاها | سعادت آباد,1,34,1,0,0,,35,250000,3,3,35.79342,51.35854
1751,نانوایی علامه جنوبی | سنگک,1,2,1,0,0,,35,150000,3,3,35.66238,51.48255
1753,نانوایی صدقی | لواش,0,1,1,0,0,,35,150000,3,3,35.72960,51.48004
1755,سوپر میوه مجید | شریعتی,1,48,1,4,5,"{""1"":3,""4"":3,""11"":2,""3"":1,""2"":1,""6"":1,""8"":1,""14"":1}",35,250000,3,3,35.72100,51.44368
1758,بستنی ایتالیایی ژلینو | بلوار ابوذر,1,157,1,2.8,5,"{""6"":3,""1"":2,""11"":1,""2"":1,""8"":1}",35,250000,3,3,35.65697,51.48177
1759,سوپر میوه مطهری| شهرک غرب,1,47,1,0,0,,35,250000,3,3,35.77580,51.35761
1762,سوپر گوشت و مرغ گل سرخ | زرگنده,0,0,1,0,0,,35,250000,3,3,35.77375,51.43257
1763,نانوایی نیکان | سنگک,1,6,1,5,1,"{""1"":1,""2"":1,""3"":1,""4"":1,""11"":1}",35,150000,3,3,35.74482,51.51078
1771,فروشگاه محسن | میرداماد,1,278,1,3,6,"{""14"":3,""1"":2,""4"":2,""2"":1,""3"":1,""11"":1,""9"":1,""6"":1}",35,2000000,3,3,35.76094,51.42417
1772,فروشگاه محسن | کارگر جنوبی,1,336,1,3.4,5,"{""4"":3,""2"":2,""3"":2,""1"":1,""11"":1,""14"":1,""6"":1}",35,2000000,3,3,35.69369,51.39217
1774,فروشگاه محسن |  نیروهوایی,1,265,1,3.6842105263158,19,"{""1"":12,""4"":12,""3"":12,""2"":10,""11"":10,""14"":4,""6"":3,""8"":2,""13"":1,""7"":1}",35,2000000,3,3,35.69683,51.48753
1775,فروشگاه محسن | گلاب,1,302,1,2,7,"{""6"":5,""14"":2,""2"":2,""4"":1,""1"":1,""3"":1}",35,2000000,3,3,35.71797,51.33603
1776,فروشگاه محسن |  نارمک,1,264,1,4,9,"{""3"":6,""4"":6,""1"":6,""2"":5,""11"":4,""6"":3,""14"":1,""8"":1}",35,2000000,3,3,35.72419,51.49253
1777,فروشگاه محسن | خلیج فارس,1,341,1,0,0,,35,2000000,3,3,35.66278,51.26350
1779,فروشگاه محسن | زهدی,1,304,1,3.6666666666667,12,"{""1"":8,""4"":6,""2"":3,""3"":3,""6"":2,""11"":2,""9"":1,""14"":1,""8"":1}",35,2000000,3,3,35.74097,51.56214
1780,فروشگاه محسن |  یافت آباد 2,1,328,1,4.5625000000001,16,"{""4"":14,""1"":14,""2"":13,""11"":12,""3"":12,""9"":2,""14"":2,""6"":1,""7"":1}",35,2000000,3,3,35.64897,51.30244
1781,فروشگاه محسن | تهرانسر کمال الملک,1,288,1,5,1,"{""1"":1,""4"":1}",35,2000000,3,3,35.70239,51.25644
1782,فروشگاه محسن | تختی,1,280,1,5,1,"{""1"":1,""2"":1,""3"":1,""4"":1,""11"":1}",35,2000000,3,3,35.63011,51.41339
1783,فروشگاه محسن | انبار نفت,1,304,1,4,4,"{""1"":3,""2"":3,""4"":3,""3"":2,""11"":2,""6"":1}",35,2000000,3,3,35.66589,51.39428
1810,سوپر میوه پاشا | سهروردی,1,55,1,0,0,,35,250000,3,3,35.73180,51.43579
1813,هایپر میوه نمد |سهرودی شمالی,1,80,1,0,0,,35,250000,3,3,35.74007,51.43550
1829,سوپر میوه جوهرچی | شریعتی,1,45,1,4,1,"{""4"":1}",35,250000,3,3,35.71452,51.43793
1847,هایپر میوه صبا | شریعتی,1,46,1,0,0,,35,250000,3,3,35.71200,51.43734
1848,هایپر میوه علامه | نبرد جنوبی,1,62,1,0,0,,35,250000,3,3,35.66141,51.48262
1862,هایپر میوه ولیعصر | میدان سپاه,1,26,1,0,0,,35,250000,3,3,35.71388,51.43945
1866,فروشگاه محسن | دردشت,1,232,1,0,0,,35,2000000,3,3,35.73161,51.50350
1867,فروشگاه محسن | بازار برنج ایران,1,198,1,5,1,"{""1"":1,""2"":1,""3"":1,""4"":1,""11"":1}",35,2000000,3,3,35.64469,51.43482
1874,نانوایی گلستان | ابربری,1,3,1,1,2,"{""6"":2,""4"":1,""8"":1}",35,150000,3,3,35.67091,51.45852
1881,هایپر میوه گلزار | بلوارکاج,1,17,1,0,0,,35,250000,3,3,35.75423,51.23728
1883,هایپر میوه مارکت (2) | چیتگر,1,23,1,0,0,,35,250000,3,3,35.74761,51.18373
